Total References,Internet References,Printed References,Weak References,Pages,Total Word Count,Study Credits,Study Entitlement Days,Grade,Supervisor ID,Keywords,Total Occurrences
,,,,27.0,6528,240.0,1380,3,20,"[{'case management': 14.0}, {'document management': 2.0}, {'dev ops': 21.0}, {'software': 37.0}]",74
24.0,21.0,3.0,2.0,62.0,15078,243.0,1754,5,3,"[{'virtual reality': 7.0}, {'multiplayer': 139.0}, {'unity': 87.0}, {'framework': 63.0}, {'mirror': 128.0}, {'photon': 138.0}]",562
10.0,9.0,1.0,,32.0,8963,240.0,1748,4,20,"[{'cloud service': 8.0}, {'medical device': 59.0}, {'regulation': 35.0}, {'standard': 54.0}, {'gdpr': 33.0}, {'ivd': 45.0}, {'saas': 38.0}]",272
35.0,16.0,19.0,,46.0,11855,246.0,1877,2,8,"[{'internet of things': 18.0}, {'smart homes': 61.0}, {'machine learning': 19.0}, {'cyber security': 32.0}, {'artificial inteligence': 0.0}]",130
85.0,26.0,59.0,7.0,67.0,18918,242.0,1577,5,18,"[{'mobile game': 12.0}, {'learning game': 14.0}, {'auditory effects': 10.0}, {'immersion': 1.0}, {'game design': 20.0}, {'game theory': 4.0}]",61
19.0,16.0,3.0,,54.0,13332,240.0,1382,4,6,"[{'database': 49.0}, {'vulnerabilities': 23.0}, {'threats': 12.0}, {'backend': 5.0}]",89
15.0,15.0,,2.0,42.0,10479,240.0,199,4,6,"[{'game development': 13.0}, {'unity': 45.0}, {'accessibility': 19.0}, {'procedural generation': 3.0}]",80
4.0,2.0,2.0,,28.0,8833,242.0,74,3,13,"[{'machine learning': 53.0}, {'supervised learning': 13.0}, {'data science': 19.0}, {'visualization': 11.0}, {'and automated models': 0.0}]",96
5.0,3.0,2.0,,32.0,7868,318.0,710,4,8,"[{'deep learning': 11.0}, {'generative adversarial networks': 13.0}, {'gliomas': 11.0}, {'image segmentation': 7.0}, {'medical imaging': 8.0}]",50
19.0,19.0,,,64.0,17094,248.0,1385,4,10,"[{'unity': 109.0}, {'ui': 299.0}, {'mobile': 36.0}, {'games': 61.0}, {'optimization': 59.0}]",564
17.0,13.0,4.0,,29.0,7476,240.0,1496,3,10,"[{'mobile application': 13.0}, {'algorithm': 121.0}, {'exercise': 104.0}, {'running': 64.0}, {'data analysis': 1.0}]",303
24.0,19.0,5.0,1.0,37.0,5860,241.0,1361,4,4,"[{'robot operating system': 6.0}, {'smart home': 21.0}, {'mqtt': 73.0}, {'microcontroller': 12.0}, {'home assistant': 60.0}]",172
5.0,1.0,4.0,,52.0,11061,252.0,1390,4,3,"[{'virtual reality': 19.0}, {'imotions': 31.0}, {'biosensor': 35.0}, {'eye tracking': 6.0}, {'heart rate': 42.0}, {'gsr': 33.0}, {'serious game': 14.0}]",180
15.0,15.0,0.0,3.0,38.0,6779,240.0,1757,5,4,"[{'mobile development': 5.0}, {'c#': 5.0}, {'.net': 45.0}, {'programming': 5.0}, {'xamarin.forms': 19.0}, {'asp.net': 17.0}]",96
51.0,43.0,8.0,5.0,54.0,12973,245.0,1934,4,3,"[{'augmented reality': 45.0}, {'virtual reality': 18.0}, {'technology': 52.0}, {'education': 58.0}, {'learning environments': 5.0}, {'learning experience': 5.0}]",183
,,,,36.0,7174,240.0,1180,5,2,"[{'object detection': 26.0}, {'object tracking': 5.0}, {'computer vision': 13.0}, {'machine learning': 12.0}, {'deep learning': 32.0}, {'neural network': 31.0}, {'tensorflow': 27.0}]",146
,,,,23.0,4936,240.0,1576,2,5,"[{'c#': 7.0}, {'ftp': 5.0}, {'data warehousing ': 9.0}, {'data transfer': 16.0}, {'databases': 9.0}, {'sql': 13.0}, {'software development': 1.0}, {'interfaces': 10.0}]",70
15.0,12.0,3.0,,43.0,13201,240.0,1758,4,25,"[{'machine learning': 24.0}, {'reinforcement learning': 118.0}, {'anaconda python': 7.0}, {'python': 26.0}]",175
23.0,2.0,21.0,,48.0,8832,241.0,1745,4,22,"[{'calorie calculation': 10.0}, {'energy expenditure': 43.0}, {'metabolic rate': 13.0}, {'kilocalories': 3.0}, {'weight': 32.0}, {'heart rate': 39.0}, {'oxygen uptake': 4.0}]",144
3.0,3.0,,,41.0,9977,252.0,1390,2,10,"[{'diegetic': 19.0}, {'immersion': 22.0}, {'user experience': 7.0}, {'user interface': 14.0}, {'video game': 20.0}, {'visual design': 3.0}]",85
,,,,39.0,7176,240.0,1723,4,23,"[{'system integration': 4.0}, {'axway b2bi': 11.0}, {'canonical data model ': 44.0}, {'messaging': 7.0}]",66
,,,,47.0,10133,240.0,1309,5,2,"[{'web development': 11.0}, {'e-commerce': 15.0}, {'mobile-first': 17.0}, {'headless architecture ': 10.0}, {'react': 61.0}, {'javascript': 41.0}, {'pwa': 49.0}]",204
15.0,13.0,2.0,4.0,29.0,9020,247.0,2105,3,10,"[{'real-time': 44.0}, {'user interface': 35.0}, {'game': 48.0}, {'communication': 11.0}, {'web': 63.0}]",201
3.0,1.0,2.0,1.0,62.0,14691,240.0,1680,4,20,"[{'web development': 1.0}, {'databases': 17.0}, {'application architecture': 7.0}, {'devops': 13.0}, {'full-stack': 13.0}]",51
21.0,16.0,5.0,,37.0,9732,272.0,1561,5,4,"[{'fpga': 56.0}, {'project': 15.0}, {'electronics': 5.0}, {'bldc': 44.0}, {'vhdl': 25.0}]",145
44.0,44.0,,,31.0,8509,241.0,2080,3,28,"[{'automation': 126.0}, {'cyber security': 37.0}, {'technology': 31.0}]",194
,,,,54.0,12733,242.0,1392,5,2,"[{'writer identification': 45.0}, {'convolution neural network': 4.0}, {'machine learning ': 56.0}, {'tensorflow': 8.0}]",113
34.0,34.0,,,31.0,7618,281.0,1756,4,1,"[{'internet of things': 5.0}, {'encryption': 13.0}, {'scripting': 1.0}]",19
10.0,,10.0,,42.0,9067,241.0,1044,4,10,[],0
24.0,0.0,24.0,,96.0,23910,265.0,1361,5,13,"[{'hass': 174.0}, {'stress screening': 90.0}, {'quality': 64.0}, {'reliability': 109.0}, {'electronics': 18.0}, {'failure': 228.0}, {'production': 71.0}]",754
47.0,38.0,9.0,3.0,43.0,12590,246.0,1380,4,5,"[{'computer vision': 13.0}, {'object detection': 99.0}, {'flutter': 143.0}, {'image captioning': 3.0}, {'deep learning': 39.0}, {'yolo': 69.0}, {'ssd': 62.0}]",428
10.0,7.0,3.0,,24.0,3913,240.0,1913,3,10,"[{'usability': 80.0}, {'user interface': 23.0}, {'usability testing ': 8.0}, {'iconography': 9.0}, {'interface colour palette': 1.0}]",121
20.0,19.0,1.0,4.0,41.0,7881,242.0,1745,2,18,"[{'3d': 137.0}, {'modeling': 120.0}, {'games': 20.0}, {'texturing': 49.0}, {'hand-painted': 16.0}]",342
6.0,4.0,2.0,2.0,31.0,7398,250.0,1751,3,1,"[{'server virtualization': 11.0}, {'desktop virtualization': 18.0}, {'hypervisor': 11.0}]",40
28.0,19.0,1.0,1.0,30.0,5712,246.0,1744,4,26,"[{'c++': 18.0}, {'webassembly': 150.0}, {'qt': 155.0}]",323
66.0,37.0,29.0,2.0,48.0,17533,250.0,1387,4,3,"[{'gamification': 189.0}, {'end device': 11.0}, {'core drives': 31.0}, {'game elements ': 7.0}, {'game mechanics': 7.0}]",245
15.0,8.0,7.0,2.0,26.0,6300,252.0,1372,3,20,"[{'heuristic evaluation ': 11.0}, {'ui': 41.0}, {'ux': 6.0}, {'manual testing': 2.0}, {'usability testing': 5.0}, {'user testing ': 4.0}, {'mobile application': 9.0}]",78
8.0,7.0,1.0,2.0,34.0,8938,247.0,1760,4,3,"[{'simulation': 44.0}, {'ai': 205.0}, {'game engine ': 2.0}, {'traffic': 84.0}, {'programming': 1.0}]",336
6.0,6.0,,4.0,30.0,8938,240.0,1757,3,3,"[{'simulation': 44.0}, {'ai': 205.0}, {'game engine ': 2.0}, {'traffic': 84.0}, {'programming': 1.0}]",336
5.0,3.0,2.0,,22.0,5967,252.0,1373,2,5,"[{'virtual reality': 27.0}, {'unity': 22.0}, {'varjo': 84.0}, {'eye tracking': 62.0}, {'hand tracking': 44.0}]",239
,,,,54.0,4871,243.0,1382,4,3,"[{'dollar auction': 8.0}, {'dr martin shubik': 5.0}, {'paradox of escalation': 5.0}, {'prefunding algorithm': 3.0}, {'formal precommitment mechanism': 3.0}, {'patent claims': 4.0}, {'ex parte quayle': 2.0}]",30
50.0,44.0,6.0,6.0,47.0,11401,265.0,2062,4,5,"[{'java': 121.0}, {'deeplearning4j': 20.0}, {'image classification': 32.0}, {'deep learning': 57.0}, {'transfer learning': 27.0}, {'machine learning': 14.0}, {'data augmentation': 16.0}, {'web service': 34.0}]",321
42.0,41.0,1.0,1.0,49.0,8406,248.25,2308,4,19,"[{'grafana': 139.0}, {'prometheus': 171.0}, {'monitoring': 81.0}, {'visualization': 29.0}]",420
17.0,8.0,5.0,4.0,55.0,15067,251.0,1403,4,10,"[{'post-processing': 155.0}, {'unity': 107.0}, {'unreal engine 4': 15.0}]",277
,,,,41.0,7928,241.0,1210,4,5,"[{'iot': 60.0}, {'iot platform': 23.0}, {'vuejs': 16.0}, {'loopback ': 58.0}, {'web application': 5.0}, {'tracking': 10.0}, {'monitoring': 17.0}]",189
33.0,0.0,33.0,,48.0,11568,240.0,1373,5,13,[],0
33.0,32.0,1.0,5.0,34.0,8035,241.0,1379,3,5,"[{'continuous integration': 32.0}, {'microservice architecture': 34.0}, {'monolith architecture': 2.0}, {'ruby on rails': 12.0}, {'docker': 75.0}, {'gitlab ci/cd': 11.0}]",166
41.0,27.0,3.0,11.0,33.0,9913,245.0,1368,3,10,"[{'indie games': 2.0}, {'digital marketing': 1.0}, {'marketing': 85.0}, {'strategy': 14.0}, {'video': 69.0}, {'game': 175.0}, {'marketing': 85.0}]",431
37.0,36.0,1.0,,,11026,248.0,1751,3,3,"[{'virtual reality': 20.0}, {'mirror': 105.0}]",125
50.0,44.0,6.0,6.0,44.0,12216,247.0,2072,4,3,"[{'game development': 3.0}, {'heightmap': 110.0}, {'procedural generation': 47.0}, {'terrain generation': 13.0}, {'unity': 21.0}, {'vr simulation': 2.0}]",196
13.0,13.0,,2.0,40.0,8717,240.0,2114,2,3,"[{'visual effect': 77.0}, {'vfx': 25.0}, {'unity': 37.0}, {'particle system': 29.0}, {'video game graphics': 1.0}]",169
17.0,17.0,,3.0,36.0,5987,240.0,1750,4,2,"[{'object detection': 25.0}, {'embedded device': 14.0}, {'nvidia jetson nano': 36.0}]",75
40.0,28.0,12.0,5.0,71.0,14759,240.0,1520,4,17,"[{'unity': 184.0}, {'game development': 8.0}, {'data-oriented design': 16.0}, {'dots': 191.0}, {'c#': 23.0}, {'multithreading ': 7.0}, {'vr': 63.0}, {'ar': 670.0}]",1162
37.0,35.0,2.0,3.0,44.0,9371,240.0,1572,4,3,"[{'unity': 93.0}, {'blender': 10.0}, {'game development': 1.0}, {'3d-modelling': 1.0}, {'lod': 75.0}, {'optimization': 46.0}, {'vr': 34.0}]",260
13.0,5.0,8.0,,33.0,7397,259.0,1382,4,18,"[{'video game': 28.0}, {'game industry': 1.0}, {'design': 16.0}, {'interaction': 82.0}]",127
15.0,5.0,10.0,,44.0,11504,247.0,2306,3,18,"[{'video game': 25.0}, {'game design': 6.0}, {'game development': 3.0}, {'balance': 73.0}, {'balancing': 65.0}]",172
12.0,12.0,,,28.0,3476,240.0,1704,3,2,"[{'microsoft azure': 17.0}, {'logic apps': 29.0}, {'api management': 12.0}, {'service': 74.0}, {'bus': 24.0}, {'event': 30.0}, {'grid': 22.0}, {'integration': 51.0}, {'platform': 14.0}, {'as': 98.0}, {'a': 1644.0}, {'service': 74.0}]",2089
29.0,4.0,25.0,,43.0,14454,292.0,1392,5,17,"[{'spatial audio': 40.0}, {'immersion': 18.0}, {'hearing': 77.0}, {'sound processing': 1.0}, {'virtual reality': 12.0}]",148
9.0,3.0,6.0,,29.0,5534,240.0,1393,4,10,"[{'web-based service': 2.0}, {'web application': 18.0}, {'gamification': 44.0}, {'real-estate sector': 8.0}, {'saas': 3.0}]",75
6.0,6.0,,,32.0,10318,244.0,1756,2,10,"[{'360-camera': 5.0}, {'360 vision': 9.0}, {'vr (virtual reality)': 4.0}, {'vr-game': 2.0}, {'2-dimensional': 1.0}, {'3-dimensional': 2.0}]",23
11.0,9.0,2.0,,42.0,10949,278.0,1211,4,3,"[{'virtual reality': 26.0}, {'hand tracking': 146.0}, {'qian': 25.0}, {'oculus quest': 18.0}, {'wireless': 6.0}, {'mixed reality': 13.0}]",234
20.0,20.0,,,44.0,10528,260.0,1652,3,10,"[{'eeg': 25.0}, {'gamification': 20.0}, {'mobile application': 3.0}, {'augmented reality': 22.0}]",70
35.0,5.0,30.0,,60.0,10056,285.0,1755,5,13,"[{'beamforming': 85.0}, {'phased array antenna': 6.0}, {'5g': 34.0}, {'sdma': 10.0}, {'rf design ': 1.0}, {'mmimo': 11.0}]",147
35.0,26.0,9.0,6.0,30.0,7605,240.0,1569,1,2,"[{'artificial intelligence': 30.0}, {'deep learning': 7.0}, {'machine learning': 52.0}, {'technology': 12.0}, {'futuristic': 4.0}, {'science': 60.0}]",165
60.0,19.0,41.0,19.0,36.0,11356,240.0,1366,3,17,"[{'audio': 149.0}, {'video game': 15.0}, {'composing': 2.0}, {'game industry': 3.0}, {'audio design': 8.0}]",177
,,,,49.0,10961,251.0,1759,5,4,"[{'micromobility': 5.0}, {'cloud-server': 2.0}, {'amazon web services': 4.0}, {'arduino': 37.0}, {'iot': 74.0}, {'electric scooter': 35.0}]",157
,,,,42.0,8683,240.0,1393,4,3,"[{'audio game': 26.0}, {'rhythm game': 16.0}, {'horror game': 7.0}, {'typing game': 7.0}, {'accessibility': 13.0}, {'solo development': 2.0}]",71
8.0,7.0,1.0,,45.0,8674,245.0,1393,5,4,"[{'converters': 23.0}, {'electricity': 1.0}, {'electronics': 12.0}, {'simulation': 21.0}]",57
24.0,22.0,2.0,5.0,40.0,7546,248.0,1345,4,13,"[{'cybersecurity': 54.0}, {'automation': 58.0}, {'it': 455.0}, {'testing': 88.0}]",655
35.0,32.0,3.0,5.0,52.0,10668,240.0,721,5,7,"[{'usability': 164.0}, {'web usability': 1.0}, {'usability testing': 32.0}, {'remote usability testing': 6.0}, {'moderated remote usability testing': 3.0}, {'think aloud protocol': 3.0}]",209
15.0,12.0,3.0,2.0,28.0,6080,240.0,1361,4,2,"[{'react native': 54.0}, {'expo cli': 11.0}, {'android': 25.0}, {'ios': 19.0}, {'cross-platform development': 4.0}]",113
7.0,7.0,,,27.0,9092,240.0,1377,3,1,"[{'gprd': 1.0}, {'prc cybersecurity law': 23.0}, {'pipa': 44.0}, {'personal information ': 38.0}, {'information security': 8.0}]",114
,,,,25.0,6781,247.0,1394,2,27,"[{'virtual reality': 9.0}, {'serious games': 1.0}, {'user experience': 16.0}, {'game testing': 1.0}, {'simulation': 26.0}, {'correlation': 60.0}]",113
36.0,31.0,5.0,8.0,77.0,15908,261.0,643,5,1,"[{'wi-fi': 36.0}, {'virus': 39.0}, {'malware': 71.0}, {'ransomware': 70.0}, {'hacking': 10.0}, {'vulnerability': 7.0}]",233
39.0,38.0,1.0,,49.0,14458,262.0,1484,4,10,"[{'game development': 4.0}, {'motion capture': 138.0}, {'rokoko smartsuit': 18.0}, {'perception neuron': 34.0}]",194
3.0,3.0,,1.0,25.0,4669,243.0,1387,4,26,"[{'artificial intelligence': 6.0}, {'ai': 103.0}, {'unity': 26.0}]",135
62.0,54.0,8.0,1.0,46.0,8919,241.0,1383,5,22,"[{'high-performance computing': 5.0}, {'cluster': 140.0}, {'slurm': 35.0}, {'mpi': 19.0}]",199
,,,,27.0,6633,242.0,1729,4,2,"[{'digital signage': 19.0}, {'integration': 20.0}, {'management system': 8.0}, {'service interface': 1.0}]",48
,,,,42.0,7031,241.0,1597,3,13,"[{'led': 123.0}, {'temperature': 112.0}, {'thermal': 109.0}, {'simulation': 90.0}, {'electronics': 3.0}, {'pcb': 30.0}]",467
28.0,27.0,1.0,,37.0,10583,241.0,1380,4,1,"[{'5g': 107.0}, {'wireless communication': 6.0}, {'security': 119.0}, {'network': 136.0}, {'technology': 51.0}]",419
17.0,15.0,2.0,2.0,30.0,6057,240.0,2115,2,5,"[{'git': 63.0}, {'software development': 4.0}, {'remote work': 11.0}, {'continuous integration': 13.0}]",91
,,,,37.0,8504,245.0,1394,2,3,"[{'technology': 25.0}, {'three-dimensional': 6.0}, {'unreal engine': 38.0}, {'virtual reality': 227.0}]",296
26.0,26.0,,8.0,64.0,9152,241.0,1437,4,13,"[{'cloud computing': 3.0}, {'automation': 11.0}, {'aws': 129.0}, {'iaas': 2.0}]",145
11.0,11.0,,,33.0,6420,240.0,1366,4,1,"[{'information security': 2.0}, {'web application': 49.0}, {'http': 56.0}, {'security test': 25.0}, {'vulnerability': 11.0}, {'owasp': 56.0}]",199
27.0,19.0,8.0,,50.0,11917,244.0,1019,4,3,"[{'virtual reality': 29.0}, {'multiplayer': 33.0}, {'unreal engine 4 ': 22.0}, {'unity': 69.0}]",153
